0.53571,2,5,0.63636,1,0.85714,0.53571,0.55,2,1,0,0.71429,3,2
0.5,2,5,0.93939,1,1,1,0.85,1,2,1,0.85714,0,4
0.64286,2,5,0.87879,1,0.80952,0.71429,0.55,1,1,0,1,1,2
0.42857,2,5,0.66667,1,0.71429,0.42857,0.35,1,2,1,0.85714,2,1
0.60714,1,5,0.81818,1,0.95238,0.89286,0.85,2,2,1,0.78571,1,4
0.46429,2,5,0.87879,1,0.95238,0.92857,0.85,1,1,0,1,0,4
0.32143,2,4,0.87879,1,0.19048,0.10714,0.2,3,2,1,0.71429,1,4
0.53571,2,5,0.75758,1,0.61905,0.67857,0.65,3,1,1,0.71429,1,4
0.46429,2,5,0.89697,1,0.95238,0.85714,0.85,2,1,0,0.71429,1,2
0.53571,1,3,0.64848,1,0.85714,0.82143,0.5,1,1,1,0.85714,0,4
0.17857,2,4,0.87879,1,0.95238,0.96429,0.75,2,2,1,1,3,2
0.25,2,4,0.78182,1,0.095238,0.035714,0.3,2,2,0.5,0.71429,2,4
0.17857,2,5,0.51515,1,0.85714,0.85714,0.45,1,2,0.5,0.85714,0,4
0.035714,2,3,0.84848,1,0.90476,0.64286,0.65,3,2,1,1,0,4
0.25,2,5,0.81818,1,1,0.96429,0.75,3,1,1,0.71429,2,1
0.46429,2,2,0.63636,1,0.095238,0.5,0.4,1,1,0.5,1,1,4
0.25,2,5,0.78182,1,0.85714,0.53571,0.55,2,1,0.5,1,0,4
0.25,2,5,0.78182,1,0.90476,0.75,0.75,3,2,1,0.42857,1,5
0.17857,2,5,0.89697,1,0.57143,0.42857,0.6,1,1,1,1,0,4
0.28571,2,3,0.75758,1,0.52381,0.53571,0.65,3,1,1,0.14286,2,1
0.14286,2,5,0.84848,1,0.52381,0.35714,0.2,2,1,1,1,0,4
0.32143,2,3,0.78788,1,0.90476,0.67857,0.65,2,1,0.5,0.14286,1,4
0.25,2,5,0.69697,1,1,0.89286,0.75,2,1,0.5,0.42857,0,2
0.78571,2,4,0.57576,1,0.57143,0.71429,0.7,2,2,0.5,0.85714,1,1
0.35714,2,4,0.75758,1,0.95238,0.89286,0.8,1,1,0.5,1,0,4
0.28571,2,5,0.75758,1,0.61905,0.46429,0.4,1,2,0.5,0.85714,0,4
0.28571,2,4,0.75758,1,0.33333,0.42857,0.55,1,1,0.5,0.71429,2,4
0.35714,2,5,0.84242,1,0.85714,0.75,0.8,2,1,0.5,0.71429,1,4
0.71429,2,3,0.72727,1,0.42857,0.32143,0.05,2,2,0.5,0.71429,2,2
0.21429,2,5,0.78788,1,0.85714,0.67857,0.85,2,2,1,1,0,4
0.35714,2,5,0.63636,1,0.90476,0.96429,0.85,2,1,1,0.85714,0,1
0.28571,2,4,0.78788,1,0.52381,0.53571,0.4,2,2,1,0.71429,0,4
0.39286,2,5,0.70909,1,0.38095,0.5,0.45,3,2,1,0.71429,1,2
0.42857,2,5,0.87879,1,0.95238,0.92857,0.75,2,1,1,1,0,4
0.60714,2,4,0.69697,1,0.52381,0.60714,0.4,1,2,0,0.85714,0,4
0.35714,2,5,0.69697,1,0.66667,0.85714,0.65,2,2,0.5,0.57143,2,4
0.46429,2,3,0.69697,1,0.71429,0.32143,0.25,2,1,0.5,0.85714,1,1
0.28571,2,3,0.84242,1,0.90476,0.96429,0.9,1,2,0,0.57143,3,1
0.39286,2,5,0.75758,1,0.52381,0.10714,0.3,2,1,1,0.28571,0,5
0.10714,2,3,0.78788,1,0.047619,0.25,0.3,2,2,0,1,0,2
0.53571,2,5,0.7697,1,1,1,0.85,2,2,0.5,0.85714,2,4
0.82143,2,5,0.87879,1,0.85714,0.85714,0.8,1,2,0,0.78571,2,1
0.57143,2,3,0.51515,1,0.7619,0.85714,0.6,1,1,1,0.78571,0,4
0.60714,2,5,0.75758,1,0.85714,0.78571,0.7,2,2,1,0.64286,1,1
0.85714,2,2,0.73333,1,0.80952,0.78571,0.75,1,1,0.5,0.78571,1,2
0.28571,2,4,0.63636,1,0.80952,0.64286,0.55,1,2,0.5,0.85714,2,3
0.46429,2,5,0.69697,1,0.66667,0.64286,0.7,2,2,0.5,0.71429,3,2
0.25,2,2,0.89091,1,0.95238,1,0.75,1,2,0.5,1,0,4
0.35714,2,4,0.81818,1,0.95238,0.92857,0.9,2,2,0,0.85714,0,1
0.071429,1,1,0.93939,1,0.47619,0.46429,0.3,3,1,1,0.28571,2,2
0.53571,2,4,0.87879,1,0.66667,0.32143,0.2,1,1,0.5,0.71429,1,4
0.64286,1,4,0.95152,1,0.047619,0.32143,0.4,2,2,1,0.64286,3,4
0.42857,2,2,0.78182,1,0.85714,0.75,0.65,1,2,0.5,0.71429,4,1
0.53571,2,4,0.72727,1,0.7619,0.85714,0.6,2,1,0.5,0.85714,0,4
0.75,2,5,0.90909,1,0.095238,0.035714,0.3,1,2,1,0,5,2
0.28571,2,5,0.69697,1,0.80952,0.78571,0.6,2,1,0.5,0.71429,1,4
0.42857,2,3,0.81818,1,0.57143,0.89286,0.65,2,2,0.5,0.78571,1,4
0.32143,2,3,0.84242,1,1,0.82143,0.6,2,1,1,1,1,4
0.53571,2,5,0.75758,1,0.42857,0.035714,0.1,2,1,0.5,0.42857,3,1
0.32143,1,3,0.7697,1,0.90476,0.75,0.55,2,2,1,1,0,4
0.46429,2,5,0.78182,1,0.80952,0.82143,0.8,2,2,1,0.71429,1,5
0.25,2,5,0.87879,1,0.95238,0.85714,0.75,1,1,1,0.71429,0,4
0.39286,2,3,0.81818,1,0.61905,0.60714,0.7,1,1,0,0.71429,0,4
0.25,2,3,0.72727,1,1,0.85714,0.75,1,1,1,1,1,1
0.32143,2,4,0.93939,1,1,1,0.85,1,2,1,0.78571,1,5
0.32143,2,3,0.53939,2,1,0.89286,0.95,1,1,0,1,0,4
0.21429,2,3,0.84848,1,0.7619,0.57143,0.65,2,2,0,0.57143,3,1
0.17857,2,3,0.76364,1,1,1,0.95,3,2,1,0.57143,5,1
0.071429,2,3,0.69697,1,0.61905,0.82143,0.75,2,1,1,1,1,4
0.71429,2,4,0.75758,1,0.7619,0.85714,0.65,2,1,1,0.78571,2,4
0.25,2,3,0.72727,1,0.61905,0.57143,0.4,2,1,1,0.85714,0,4
0.32143,2,5,0.33333,1,0.42857,0.64286,0.5,2,2,0.5,0.57143,2,2
0.42857,1,4,0.69697,1,0.90476,0.85714,0.75,2,1,0,0.71429,5,1
0.32143,2,5,0.78182,1,0.90476,0.78571,0.75,1,1,0.5,0.85714,0,4
0.53571,2,4,0.58788,1,0.90476,0.57143,0.5,2,2,1,1,0,4
0.35714,2,5,0.81818,1,0.85714,0.75,0.7,2,1,1,0.92857,2,1
0.39286,1,5,0.75758,1,0.85714,1,0.85,2,2,0.5,0.57143,1,2
0.46429,2,4,0.81818,1,0.95238,0.57143,0.55,3,1,1,1,1,4
0.42857,2,5,0.87879,1,0.85714,0.89286,0.8,1,1,0.5,0.92857,0,4
0.46429,2,5,0.69697,1,1,1,1,2,2,1,0.85714,0,4
0.10714,2,2,0.81818,1,0.57143,0.39286,0.45,2,2,1,0.85714,0,4
0.17857,2,3,0.79394,1,0.71429,0.60714,0.75,2,1,1,0.85714,5,4
0.39286,2,4,0.76364,1,0.71429,0.60714,0.65,2,2,1,0.85714,1,4
0.46429,2,3,0.67273,1,1,1,0.85,2,2,0.5,0.78571,0,4
0.46429,2,4,0.87879,1,0.66667,0.89286,0.55,3,1,1,0.85714,6,3
0.21429,2,2,0.90909,1,0.95238,0.82143,0.8,2,2,1,1,0,4
0.28571,2,1,0.87879,1,0.42857,0.46429,0.35,1,2,0.5,0.92857,0,4
0.64286,2,5,0.8303,1,1,1,0.9,2,2,1,1,0,2
0.5,2,4,0.75758,1,0.47619,0.35714,0.3,2,1,0.5,0.85714,1,1
0.46429,1,3,0.69697,1,0.95238,0.75,0.55,1,2,0.5,1,1,2
0.28571,2,5,0.75758,1,0.90476,0.85714,0.85,1,2,1,0.85714,0,5
0.39286,2,5,0.87879,1,1,0.89286,0.85,2,2,0.5,0.42857,3,4
0.14286,1,3,0.93939,1,0.28571,0.32143,0.4,2,2,0.5,0.71429,4,5
0.39286,2,4,0.81818,1,1,0.92857,0.8,1,2,0.5,0.78571,0,4
0.5,2,3,0.78182,1,1,0.89286,0.8,1,2,0,0.28571,1,4
0.25,2,4,0.65455,1,1,1,0.8,1,1,0,0.42857,6,1
0.17857,2,3,0.7697,1,0.80952,0.78571,0.6,2,2,0.5,0.85714,0,5
0.32143,2,4,0.87879,1,0.7619,0.67857,0.55,2,1,0.5,1,1,4
0.39286,2,3,0.78182,1,0.90476,0.96429,0.85,2,2,1,0.28571,2,2
0.53571,2,4,0.72727,1,1,1,0.8,2,1,1,1,0,4
0.14286,2,3,0.87879,1,0.90476,0.78571,0.8,2,1,1,0.71429,0,4
0.28571,2,5,0.87879,1,0.71429,0.71429,0.65,2,1,0.5,0.71429,4,1
0.42857,2,3,0.63636,1,0.90476,0.89286,0.7,1,2,0,0.42857,0,2
0.32143,2,4,0.75758,1,0.90476,0.82143,0.6,2,1,0,0.57143,2,1
0.28571,2,5,0.75758,1,1,1,0.75,2,1,1,0.85714,1,4
0.57143,2,4,0.71515,1,0.71429,0.60714,0.7,2,1,1,0.64286,1,2
0.10714,2,3,0.46667,1,0.047619,0.28571,0.65,2,2,0,0.71429,2,3
0.5,2,5,0.060606,1,0.28571,0.96429,0.9,2,2,0.5,0.78571,1,4
0.39286,2,3,0.72121,1,0.95238,0.89286,0.65,2,2,0.5,0.71429,2,3
0.46429,2,4,0.69697,1,1,0.96429,0.8,2,1,0,0.57143,2,4
0.39286,2,5,0.69697,1,0.7619,0.64286,0.75,3,2,1,0.78571,1,2
0.35714,2,5,0.69697,1,0.85714,0.71429,0.55,2,1,1,0.85714,1,5
0.67857,2,3,0.87879,1,0.33333,0.57143,0.5,1,2,0,0.78571,0,4
0.53571,2,4,0.87879,1,0.90476,1,0.8,2,1,0,0.85714,2,5
0.42857,2,4,0.85455,1,0.95238,0.85714,0.7,2,2,0.5,0.64286,1,4
0.42857,2,3,0.84242,1,0.80952,0.60714,0.7,3,2,0,0.85714,1,2
0.39286,2,3,0.51515,1,0.61905,0.85714,0.75,2,2,0.5,1,0,4
0.35714,2,5,0.87879,1,1,0.85714,0.85,1,1,0.5,0.71429,3,5
0.46429,2,5,0.81818,1,1,1,1,2,1,0,0.57143,1,1
0.39286,2,5,0.72121,1,0.80952,0.89286,0.75,3,2,1,0.85714,0,4
0.5,2,5,0.75758,1,0.80952,0.5,0.55,2,1,0,0.71429,2,5
0.5,2,3,0.87879,1,0.047619,0.071429,0,1,2,0,0.71429,0,1
0.42857,2,5,0.69697,1,0.95238,0.89286,0.8,2,1,0,0.85714,2,4
0.39286,2,5,0.70303,1,0.95238,0.85714,0.5,3,2,1,0.71429,5,1
0.5,2,5,0.7697,1,0.80952,0.85714,0.7,2,1,0,0.57143,2,2
0.42857,2,4,0.81818,1,0.71429,0.92857,0.8,1,1,0,1,0,4
0.28571,2,4,0.81818,1,0.90476,0.82143,0.65,2,2,0.5,0.89286,0,4
0.5,2,4,0.78182,1,1,0.89286,0.75,2,1,1,0.78571,1,1
0.25,2,2,0.83636,1,0.80952,0.78571,0.7,2,2,0,1,0,1
0.39286,2,3,0.87879,1,1,0.96429,0.8,1,1,0.5,0.71429,1,1
0.60714,2,5,0.69697,1,0.85714,1,0.75,1,1,0,0.28571,1,1
0.35714,2,5,0.90303,1,0.7619,0.67857,0.45,2,2,0,0.71429,4,2
0.32143,2,5,0.70303,1,0.80952,0.71429,0.55,2,1,0,0.28571,1,4
0.57143,2,4,0.81818,1,1,1,0.7,2,2,1,0.85714,0,4
0.28571,2,3,0.84848,1,0.61905,0.78571,0.75,2,1,0.5,1,1,3
0.25,2,3,0.8303,1,0.85714,0.82143,0.5,2,1,1,0.42857,2,5
0.46429,2,3,0.7697,1,0.66667,0.67857,0.6,2,1,0.5,0.71429,1,2
0.53571,2,3,0.63636,2,0.80952,0.75,0.6,2,1,0,0.71429,1,4
0.42857,2,4,0.69697,1,0.71429,0.78571,0.65,2,1,1,0.92857,0,5
0.60714,2,3,0.76364,1,0.7619,0.46429,0.1,1,1,0,0.42857,1,1
0.46429,2,3,0.84242,1,0.85714,0.78571,0.85,2,2,0,0.71429,0,4
0.46429,2,5,0.78788,1,0.7619,0.75,0.65,1,2,0.5,0.78571,1,4
0.5,2,3,0.93939,1,0.7619,0.71429,0.6,2,2,0.5,0.85714,1,4
0.5,1,5,0.82424,1,0.95238,0.82143,0.65,2,2,1,0.71429,1,3
0.28571,2,3,0.87879,1,0.52381,0.5,0.5,1,1,0.5,0.71429,0,4
0.46429,2,5,0.76364,1,0.7619,0.67857,0.7,3,1,0.5,0.71429,6,1
0.64286,2,4,0.75758,1,0.90476,0.85714,0.85,2,2,1,0.85714,3,1
0.28571,2,4,0.76364,1,0.52381,0.89286,0.55,1,1,0,1,1,4
0.57143,2,3,0.60606,1,0.66667,0.67857,0.7,2,1,0.5,0.71429,2,1
0.32143,2,3,0.60606,1,0.85714,0.78571,0.5,1,1,0,0.85714,0,4
0.39286,2,3,0.91515,1,0.80952,0.64286,0.5,1,2,0,0.78571,0,4
0.53571,2,3,0.8303,1,0.95238,0.85714,0.65,3,1,1,0.85714,1,1
0.25,2,3,0.82424,1,1,0.85714,0.8,1,2,0.5,0.28571,1,4
0.32143,2,4,0.88485,1,0.85714,0.92857,0.8,2,2,1,1,0,4
0.35714,2,4,0.69697,1,0.66667,0.89286,0.55,2,1,1,0.78571,1,3
0.46429,2,4,0.84848,1,1,1,0.85,2,1,0,1,2,1
0.60714,2,3,0.81818,1,1,1,0.9,2,2,0,0.71429,1,2
0.17857,2,4,0.87879,1,0.71429,0.60714,0.7,3,2,0.5,0.85714,3,1
0.42857,2,5,0.77576,1,0.85714,0.75,0.5,2,2,1,0.71429,0,4
0.32143,2,4,0.75758,1,0.90476,0.92857,0.75,1,1,0,0.64286,0,1
0.71429,2,4,0.77576,1,0.85714,0.89286,0.65,1,1,0.5,0.71429,1,3
0.60714,2,3,0.77576,1,0.7619,0.64286,0.6,2,2,0,0.64286,4,1
0.57143,2,4,0.72121,1,0.80952,0.78571,0.65,2,1,1,1,1,4
0.42857,2,2,0.72121,1,0.66667,0.53571,0.45,1,1,0,0.78571,2,1
0.53571,2,5,0.75758,1,0.095238,0.17857,0.05,2,2,1,0.57143,2,2
0.32143,2,3,0.63636,1,0.66667,0.64286,0.55,2,2,0.5,0.71429,4,4
0.28571,2,4,0.7697,1,0.80952,0.85714,0.8,3,2,1,0.71429,1,5
0.46429,2,5,0.7697,1,0.7619,0.89286,0.7,2,2,1,0.71429,3,5
0.39286,2,4,0.81818,1,0.57143,0.42857,0.45,2,1,0,0.71429,2,4
0.39286,2,4,0.75758,1,0.95238,0.89286,0.9,1,2,0,0.71429,2,2
0.5,2,5,0.84242,1,0.90476,0.96429,0.85,2,1,0,0.71429,3,5
0.5,2,4,0.72727,1,1,0.92857,0.85,3,2,1,0.71429,3,4
0.5,2,4,0.69697,1,0.61905,0.75,0.45,2,1,0.5,0.71429,0,4
0.46429,2,5,0.7697,1,0.71429,0.96429,0.9,1,2,0.5,1,0,4
0.67857,2,3,0.87879,1,0.80952,0.57143,0.6,2,1,1,1,1,4
0.46429,2,5,0.79394,1,1,0.75,0.75,2,2,1,0.85714,3,1
0.10714,2,3,0.78788,1,0.52381,0.53571,0.65,3,2,0.5,0.28571,1,2
0.35714,2,4,0.70909,1,0.90476,0.82143,0.7,2,2,1,0.85714,0,4
0.28571,2,4,0.91515,1,0.90476,0.82143,0.7,2,2,1,1,1,4
0.42857,2,5,0.63636,1,0.95238,0.89286,0.8,1,1,0.5,1,0,4
0.42857,2,3,0.81818,1,0.90476,1,0.65,2,2,1,0.71429,3,4
0.57143,2,5,0.78182,1,1,0.85714,0.95,2,1,1,0.57143,0,5
0.35714,2,3,0.84242,1,0.7619,0.64286,0.05,3,1,1,0.78571,3,4
0.035714,2,2,0.81818,1,0.57143,0.35714,0.25,2,2,0,0.85714,3,5
0.42857,2,3,0.75758,1,0.80952,0.82143,0.9,1,2,0,0.35714,4,1
0.46429,2,5,0.63636,1,0.7619,0.78571,0.55,2,2,0.5,0.71429,0,2
0.42857,2,5,1,1,0.7619,0.92857,0.8,1,1,0.5,0.85714,4,4
0.39286,2,5,0.81818,1,0.95238,0.92857,0.75,2,1,1,0.78571,0,4
0.35714,2,4,0.66667,1,0.7619,0.64286,0.7,1,2,0.5,0.85714,1,4
0.5,2,4,0.75758,1,0.90476,0.82143,0.6,2,1,0.5,0.57143,2,5
0.35714,2,4,0.78788,1,0.85714,0.82143,0.75,1,2,0,0.71429,1,4
0.53571,2,5,0.84848,1,0.80952,0.71429,0.85,1,1,0.5,0.85714,2,4
0.39286,2,3,0.82424,1,0.95238,0.89286,0.95,1,1,1,0.71429,1,5
0.71429,2,5,0.75758,1,0.52381,0.75,0.7,2,2,0.5,0.71429,0,1
0.53571,2,5,0.82424,1,1,1,1,1,1,0.5,0.85714,3,1
0.39286,2,5,0.55152,1,0.90476,0.89286,0.75,1,2,0,0.28571,2,1
0.42857,2,5,0.78788,1,0.90476,0.92857,0.75,1,2,0,0.85714,0,4
0.60714,2,5,0.63636,1,1,0.82143,0.7,2,1,0,0.71429,0,2
0.17857,2,5,0.61212,1,0.7619,0.57143,0.5,2,1,0.5,0.42857,1,5
0.46429,2,2,0.81818,1,0.71429,0.5,0.8,1,1,0,0.78571,0,4
0.25,2,3,0.88485,1,0.52381,0.64286,0.3,2,1,0,0.71429,0,5
0.53571,2,3,0.70909,1,0.7619,0.64286,0.75,1,2,0.5,0.85714,1,3
0.46429,2,5,0.90303,1,1,0.89286,1,2,2,0.5,1,2,1
0.64286,2,5,0.75758,1,0.80952,0.64286,0.7,3,1,1,0.71429,3,2
0.46429,2,3,0.81818,1,0.42857,0.42857,0.4,2,2,0,0.57143,1,4
0.42857,2,3,0.81818,1,0.52381,0.57143,0.4,1,2,0.5,0.64286,0,1
1,2,3,0.57576,1,0.61905,0.53571,0.55,2,1,0.5,1,1,1
0.32143,2,5,0.78182,1,0.7619,0.67857,0.65,2,1,0,1,1,5
0.75,2,3,0.66667,1,0.95238,0.96429,0.85,2,1,1,0.85714,0,4
0.75,2,4,0.69697,1,0.57143,0.78571,0.45,2,1,0.5,0.85714,0,4
0.57143,2,5,0.76364,1,0.52381,0.57143,0.45,2,1,1,0.85714,0,4
0.57143,2,5,0.83636,1,0.61905,0.64286,0.65,1,1,0,0.57143,2,3
0.42857,2,5,0.69697,1,0.7619,0.64286,0.5,1,1,0.5,1,0,1
0.53571,2,5,0.81818,1,0.71429,0.67857,0.45,1,2,0,0.71429,1,4
0.32143,2,3,0.87879,1,1,0.82143,0.75,3,1,1,0.85714,0,4
0.35714,2,5,0.78788,1,1,0.96429,0.85,1,2,0,0.71429,2,4
0.35714,2,4,0.88485,1,0.2381,0.17857,0.3,2,2,1,0.42857,3,4
0.5,2,5,0.87879,1,0.7619,0.71429,0.6,1,1,0,1,2,4
0.39286,2,5,0.84242,1,0.28571,0.28571,0.5,2,2,0.5,0.85714,1,2
0.25,2,4,0.78788,1,0.7619,0.89286,0.5,2,1,0,0.42857,0,1
0.32143,2,5,0.75758,1,0.57143,0.5,0.35,2,2,0,0.71429,1,2
0.25,2,2,0.81818,1,0.71429,0.78571,0.7,2,1,0,0.57143,0,4
0.35714,2,5,0.87879,1,0.95238,1,0.85,2,2,1,0.71429,2,3
0.64286,2,5,0.69697,1,0.61905,0.35714,0.6,2,2,0,0.57143,0,3
0.42857,2,5,0.87879,1,0.28571,0.42857,0.55,1,1,0.5,1,1,4
0.5,2,4,0.73333,1,0.47619,0.67857,0.5,2,2,0,1,2,5
0.46429,2,5,0.66667,1,0.95238,0.60714,0.75,2,1,0,0.14286,5,1
0.46429,2,5,0.75758,1,0.66667,0.75,0.65,2,2,0.5,0.71429,1,3
0.32143,2,2,0.81818,1,0.80952,0.82143,0.75,2,1,1,0.57143,4,2
0.42857,2,5,0.70909,1,0.66667,0.57143,0.65,3,1,0.5,0.57143,1,1
0.28571,2,5,0.78788,1,0.2381,0.17857,0.05,2,1,0.5,0.71429,1,4
0.64286,2,3,0.84848,1,0.33333,0.57143,0.55,2,1,0.5,1,1,5
0.32143,2,3,0.75758,1,0.61905,0.57143,0.5,1,2,0.5,0.71429,0,1
0.39286,2,3,0.75758,1,0.71429,0.25,0.5,2,2,0,0.28571,4,1
0.57143,2,5,0.77576,1,0.7619,0.78571,0.5,2,1,0.5,0.71429,0,2
0.5,2,5,0.87879,1,0.52381,0,0.05,3,2,1,0.71429,10,5
0.17857,2,2,0,1,0.28571,0.21429,0.1,3,1,0.5,0.57143,2,3
0.75,2,4,0.88485,1,0.57143,0.67857,0.45,3,1,0,0.85714,3,4
0.5,2,5,0.69697,1,0.80952,0.92857,0.6,3,1,1,0.85714,10,1
0.42857,2,5,0.63636,1,0.42857,0.5,0.35,2,2,0,0.57143,0,2
0.60714,2,5,0.69697,1,0.047619,0.35714,0.35,2,2,1,1,1,2
0.42857,2,5,0.69697,1,0.90476,0.78571,0.6,2,1,0.5,0.71429,0,4
0.32143,2,5,0.87879,1,0.52381,0.57143,0.5,3,2,1,0.71429,3,2
0.32143,2,5,0.81818,1,0.85714,0.78571,0.75,2,1,0,0.71429,0,2
0.42857,2,5,0.90909,1,0.71429,0.60714,0.75,2,1,1,0.85714,2,5
0.53571,2,5,0.57576,1,0.85714,0.71429,0.8,3,1,0.5,0.71429,2,2
0.39286,2,4,0.87879,1,0.19048,0.35714,0.35,1,1,0,0.57143,1,2
0.39286,2,5,0.87879,1,0.71429,0.60714,0.3,2,1,1,0.71429,2,5
0.25,2,2,0.83636,1,1,1,1,2,2,0,0.85714,3,1
0.39286,2,5,0.81818,1,0.85714,0.78571,0.55,1,1,0,0.85714,0,4
0.75,2,5,0.63636,1,0.38095,0.42857,0.45,1,2,0.5,0.85714,1,2
0.57143,2,5,0.63636,1,0.52381,0.39286,0.45,1,2,0,0.64286,1,2
0.28571,2,5,0.77576,1,0.28571,0.57143,0.75,2,2,0,0.71429,2,2
0.17857,2,5,0.72727,1,0.57143,0.21429,0.45,3,1,1,0.78571,2,5
0.32143,2,5,0.70909,1,0.90476,0.89286,0.8,2,2,0,0.71429,1,5
0.39286,2,4,0.72727,1,0.80952,0.82143,0.7,2,1,0,0.78571,2,2
0.5,2,5,0.75758,1,0.85714,0.57143,0.45,2,2,0.5,0.57143,1,2
0.39286,2,5,0.75758,1,0.47619,0.46429,0.4,1,1,0,0.57143,1,1
0.5,2,5,0.8303,1,0.38095,0.21429,0.05,1,1,0.5,0.85714,5,3
0.46429,2,5,0.65455,1,0.47619,0.21429,0.2,1,1,0,0.35714,1,1
0.46429,2,5,0.90909,1,0.95238,0.92857,0.9,1,1,0,1,2,4
0.28571,2,5,0.83636,1,0.66667,0.53571,0.6,3,1,0.5,0.64286,3,5
0.75,2,4,0.87879,1,0.38095,0.25,0.45,2,2,0,0.42857,1,2
0.5,2,5,0.90303,1,0.52381,0.67857,0.45,2,1,1,0.85714,4,4
0.42857,2,5,0.87879,1,0.66667,0.85714,0.7,2,2,1,1,0,4
0.46429,2,5,0.75758,1,0.66667,0.42857,0.5,3,1,0,0.71429,5,1
0.82143,2,5,0.75758,1,0.85714,0.89286,0.75,3,1,1,1,5,1
0.53571,2,4,0.55152,1,0.66667,0.64286,0.75,2,1,0.5,0.71429,1,4
0.21429,2,5,0.75758,1,0.57143,0.35714,0.5,2,1,0.5,0.71429,1,2
0.42857,2,5,0.8303,1,0.61905,0.53571,0.45,2,2,0,0.57143,2,4
0.28571,2,4,0.69697,1,0.90476,0.64286,0.6,1,2,0,0.57143,5,1
0.46429,2,5,0.72121,1,0.66667,0.78571,0.7,1,2,0.5,0.71429,2,1
0.5,2,5,0.78788,1,0.95238,0.85714,0.95,1,2,0,0.71429,3,4
0.28571,2,5,0.72727,1,0.80952,0.75,0.8,2,2,0.5,0.71429,3,1
0.35714,2,5,0.69697,1,1,0.92857,0.8,2,1,1,0.5,2,1
0.39286,2,5,0.69697,1,0.61905,0.60714,0.65,2,2,0.5,0.85714,3,4
0.35714,2,5,0.87879,1,0.61905,0.57143,0.7,3,2,0.5,0.71429,2,2
0.35714,2,5,0.81818,1,0.52381,0.71429,0.4,3,2,1,0.42857,4,5
0.46429,2,5,0.81818,1,0.80952,0.64286,0.5,2,2,1,0.42857,8,1
0.42857,2,5,0.9697,1,0.71429,0.78571,0.7,2,1,0,0.85714,3,4
0.39286,2,3,0.89091,1,0.80952,0.89286,0.75,1,1,0,0.28571,1,1
0.39286,2,5,0.75758,1,0.33333,0.46429,0.5,1,2,0,0.71429,0,3
0.035714,2,2,0.75758,1,0.14286,0.17857,0.55,2,1,0,0.71429,2,1
0.53571,2,4,0.64848,1,0.57143,0.42857,0.4,2,2,0.5,0.71429,1,5
0.14286,2,3,0.63636,1,0.52381,0.21429,0.25,2,1,1,0.71429,1,4
0.53571,2,5,0.75758,1,0.90476,0.78571,0.45,2,2,0.5,0.71429,2,1
0.32143,2,3,0.72121,1,0.61905,0.5,0.55,3,1,1,0.92857,4,2
0.32143,2,3,0.69697,1,0.28571,0.39286,0.2,2,1,1,1,4,5
0.32143,2,5,0.89697,1,0.42857,0.35714,0.35,2,1,0,0.71429,0,2
0.42857,2,4,0.75758,1,0.57143,0.64286,0.6,2,1,0,0.71429,1,4
0.5,2,3,0.47879,1,0.52381,0.46429,0.6,3,1,1,0.14286,4,1
0.57143,2,5,0.72727,1,0.80952,0.92857,0.75,1,1,0,0.85714,0,4
0.35714,2,5,1,1,0.7619,0.82143,0.85,2,2,0,0.57143,2,2
0.21429,2,5,0.87879,1,0.7619,0.75,0.75,2,1,0.5,0.71429,0,1
0.32143,2,5,0.83636,1,0.95238,1,0.9,2,1,1,0.85714,2,2
0.39286,2,3,0.75758,1,0.38095,0.21429,0.35,1,2,0,1,4,5
0.17857,2,5,0.83636,1,0.66667,0.85714,0.75,2,2,0.5,0.85714,2,1
0.5,2,5,0.87879,1,0.7619,0.82143,0.85,1,1,1,1,1,2
0.39286,2,2,0.75758,1,0.66667,0.35714,0.35,2,1,1,0.57143,1,5
0.25,2,5,0.57576,1,0.57143,0.17857,0.45,2,1,1,0.85714,3,1
0.35714,2,5,0.63636,1,0.095238,0.42857,0.25,2,2,1,0.78571,2,4
0.53571,2,5,0.78788,1,0.80952,0.78571,0.95,2,2,0,0.42857,3,2
0.60714,2,5,0.59394,1,0.61905,0.82143,0.45,2,1,0,0.71429,0,2
0.64286,2,3,0.83636,1,0,0.5,0.7,2,1,1,1,0,2
0.25,2,5,0.75758,1,0.66667,0.96429,0.75,2,2,1,0.42857,2,1
0.46429,2,5,0.88485,1,0.71429,0.5,0.4,2,2,1,0.78571,5,4
0.67857,2,5,0.75758,1,0.38095,0.28571,0.45,2,2,0.5,0.57143,1,2
0.64286,2,5,0.87879,1,0.61905,0.57143,0.6,2,2,0,0.71429,2,3
0.42857,2,3,0.75758,1,0.7619,0.82143,0.95,2,1,0.5,0.57143,1,3
0.28571,2,4,0.81818,1,0.95238,1,0.9,1,2,0,0.85714,0,2
0.21429,2,3,0.69697,1,0.52381,0.67857,0.35,2,2,0,0.71429,5,5
0.17857,2,5,0.87879,1,0.95238,0.78571,0.65,2,2,0,0.71429,2,4
0.39286,2,5,0.45455,1,0.19048,0.21429,0.25,1,2,0.5,0.71429,0,4
0.39286,2,5,0.76364,1,0.95238,0.75,0.9,1,1,0,0.57143,0,1
0.32143,2,5,0.66667,1,1,1,0.9,2,1,0.5,0.71429,0,4
0.39286,2,3,0.49091,1,1,0.75,0.75,1,1,0.5,1,0,4
0.28571,2,5,0.69697,1,0.33333,0.39286,0.25,1,1,0,1,0,4
0.25,2,5,0.8303,1,0.90476,0.82143,0.8,2,1,0.5,0.85714,1,3
0.35714,2,3,0.69697,1,0.80952,0.57143,0.5,2,2,0,0.78571,3,2
0.14286,2,3,0.81818,1,0.42857,0.14286,0.5,2,2,0.5,0.28571,5,4
0.071429,2,3,0.73333,1,0.2381,0.25,0.15,2,2,0,0.71429,1,1
0.32143,2,5,0.87879,1,0.14286,0.14286,0.25,1,2,0,1,0,4
0.64286,2,5,0.63636,2,0.7619,0.89286,0.8,2,1,0.5,0.42857,1,5
0.46429,2,5,0.63636,1,0.90476,1,0.75,1,2,0.5,0.85714,0,4
0.25,2,4,0.81818,1,0.33333,0.25,0.2,2,2,0,0,7,1
0.82143,2,4,0.75758,1,1,1,1,1,1,0.5,1,1,4
0.10714,2,3,0.75758,1,0.85714,0.89286,0.65,2,1,0,0.92857,0,4
0.14286,2,2,0.87879,1,0.85714,0.64286,0.45,2,1,0.5,0.71429,1,4
0.035714,2,3,0.84242,1,0.28571,0.10714,0.45,3,2,0,0.28571,1,4
0.42857,2,4,0.90909,1,1,1,0.9,1,2,0,0.85714,0,2
0.21429,2,5,0.69697,1,1,0.96429,0.8,2,1,0.5,0.85714,0,4
0.21429,2,4,0.88485,1,0.95238,0.82143,0.8,2,2,0,0.92857,0,5
0.53571,2,5,0.63636,1,0.71429,0.75,0.5,2,2,0.5,0.85714,1,4
0.42857,2,5,0.61818,1,0.7619,0.71429,0.6,1,2,0,0.78571,0,4
0.35714,2,5,0.81818,1,0.80952,0.71429,0.85,3,1,0.5,0.78571,1,4
0.35714,2,5,0.79394,1,0.95238,0.89286,0.85,2,1,0,0.71429,1,1
0.17857,2,4,0.78788,1,0.90476,0.82143,0.7,1,1,0.5,1,0,4
0.42857,2,5,0.75758,1,0.38095,0.17857,0.2,3,2,1,0.42857,5,1
0.32143,1,5,0.85455,1,0.85714,0.92857,0.9,1,2,0,0.71429,5,4
0.42857,2,5,0.63636,1,0.57143,0.35714,0.4,2,2,1,1,0,4
0.28571,2,4,0.4303,2,0.57143,0.60714,0.55,2,1,1,1,0,4
0.60714,2,3,0.64848,1,0.7619,0.67857,0.75,2,1,0.5,0.57143,4,1
0.21429,2,4,0.63636,1,0.66667,0.60714,0.35,3,1,1,0.57143,0,2
0.64286,2,3,0.70909,1,0.57143,0.64286,0.7,1,1,0,0.71429,0,4
0.42857,2,3,0.75758,1,0.57143,0.53571,0.7,2,2,0.5,0.85714,2,4
0.10714,1,2,0.63636,1,0.2381,0.28571,0.1,2,1,0.5,0.5,0,4
0.28571,2,4,0.69697,1,0.66667,0.64286,0.55,1,2,1,0.78571,0,4
0.53571,2,4,0.84848,1,0.95238,0.53571,0.4,3,1,1,1,0,4
0.28571,2,4,0.63636,1,0.38095,0.39286,0.55,1,2,0.5,0.85714,1,4
0.17857,2,3,0.69697,1,0.42857,0.28571,0.5,2,2,0,0.42857,1,3
0.25,2,3,0.81818,1,0.7619,0.57143,0.65,2,2,1,1,0,4
0.46429,2,3,0.66061,1,0.7619,0.42857,0.35,2,2,0.5,0.71429,2,5
0.57143,2,5,0.8,1,0.85714,0.89286,0.5,2,2,0.5,0.78571,1,4
0.42857,2,3,0.45455,1,0.80952,0.82143,0.6,1,1,0,0.64286,0,1
0.46429,2,5,0.47273,2,0.7619,0.53571,0.75,2,1,0,0.71429,1,2
0.35714,2,4,0.69697,1,0.90476,0.89286,0.8,1,1,0,0.85714,0,4
0.25,2,5,0.89091,1,0.66667,0.60714,0.4,2,1,0,1,1,4
0.14286,2,3,0.66667,1,1,0.92857,0.85,1,1,0.5,0.92857,0,4
0.35714,2,5,0.89091,1,0.71429,0.67857,0.45,2,2,0.5,0.42857,1,2
0.28571,2,5,0.81818,1,0.71429,1,0.55,2,1,0,0.71429,3,1
0.25,2,5,0.84242,1,0.52381,0.39286,0.45,2,1,0,1,6,1
0.53571,2,3,0.69697,1,1,1,0.8,1,2,0.5,1,0,4
0.42857,2,3,0.8303,1,0.85714,0.60714,0.8,1,2,0,0.14286,2,1
0.21429,2,5,0.72727,1,0.7619,0.60714,0.25,1,2,0,0.42857,3,1
0.46429,2,3,0.53939,1,0.095238,0.14286,0.05,2,1,0,0.71429,0,5
0.42857,2,5,0.78788,1,0.47619,0.71429,0.6,2,2,0,0.71429,1,2
0.57143,2,4,0.78182,1,0.52381,0.10714,0.2,2,1,0,0.28571,5,1
0.53571,1,3,0.63636,1,0.42857,0.14286,0.25,1,2,0,0.85714,1,4
0,2,3,0.69697,1,0.38095,0,0.25,2,1,0.5,0.57143,1,5
0.17857,2,4,0.88485,1,0.7619,0.35714,0.55,2,2,0,1,0,2
0.35714,2,2,0.70909,1,0.80952,0.75,0.65,1,2,0,0.85714,2,1
0.64286,2,4,0.63636,1,1,0.89286,0.65,1,1,0.5,0.71429,2,2
0.46429,2,4,0.69697,1,0.19048,0.42857,0.45,3,1,0,1,0,4
0.25,2,5,0.8303,1,0.61905,0.25,0.3,2,2,0,0,3,2
0.25,2,3,0.90303,1,0.71429,0.78571,0.6,1,2,0,0.85714,0,1
0.42857,2,5,0.87879,1,1,0.42857,0.5,1,1,1,0.42857,2,1
0.35714,2,4,0.87879,1,0.71429,0.75,0.55,1,2,0.5,0.85714,1,4
0.78571,2,3,0.78182,1,0.52381,0.53571,0.45,1,1,0,0.71429,0,4
0.35714,2,5,0.51515,1,0.19048,0.60714,0.05,2,2,1,0.28571,2,5
0.46429,2,5,0.81818,1,0.7619,0.82143,0.85,1,1,0,0.57143,0,5
0.42857,2,5,0.81818,1,0.52381,0.28571,0.45,2,1,0,0.71429,1,4
0.17857,1,2,0.67273,1,0.71429,0.5,0.3,2,2,1,0.85714,1,5
0.32143,2,4,0.93939,1,0.47619,0.57143,0.75,2,1,1,0.57143,0,4
0.21429,2,5,0.63636,1,0.71429,0.75,0.55,2,2,0,0.71429,2,1
0.28571,2,5,0.93939,1,0.42857,0.28571,0.3,2,1,0,0.57143,1,2
0.42857,2,3,0.75758,1,0.80952,0.75,0.4,2,1,0.5,0.85714,2,4
0.42857,2,5,0.91515,1,1,0.89286,0.95,1,1,0,0.78571,2,1
0.28571,2,3,0.81818,1,0.95238,0.64286,0.75,1,1,0,0.14286,2,1
0.46429,2,5,0.63636,1,0.52381,0.64286,0.7,2,1,0,0.57143,0,4
